Filename,Actual,Prediction
a-be_596.jpg,a-be,ABE
Abate_608.jpg,Abate,ABATe
abintestate_800.jpg,abintestate,abintestate
ably_528.jpg,ably,ABLY
abstractors_151.jpg,abstractors,abstraciors
Abyss_728.jpg,Abyss,ABYSS
acaroid_173.jpg,acaroid,ACARoId
accusation_525.jpg,accusation,acusation
acidoid_146.jpg,acidoid,ACIDoid
acridian_371.jpg,acridian,ACRIDIAN
acroasis_396.jpg,acroasis,ACroasis
adermine_7.jpg,adermine,adermine
adjument_806.jpg,adjument,adjument
adjutorious_489.jpg,adjutorious,adjutorious
admrx_564.jpg,admrx,Admrx
Adventist_692.jpg,Adventist,AdVentist
adversarious_553.jpg,adversarious,ADERSARIOUS
adversifoliate_381.jpg,adversifoliate,adversifoliate
Agenois_344.jpg,Agenois,AGENOIS
agrostographies_888.jpg,agrostographies,agrostographIes
air-borne_971.jpg,air-borne,airborne
Alberoni_948.jpg,Alberoni,ALBERONI
Alcantarines_981.jpg,Alcantarines,Alcantarines
alcoholicity_210.jpg,alcoholicity,alcoholicity
alfilerilla_932.jpg,alfilerilla,alfilerilla
all-disposing_461.jpg,all-disposing,alldisposing
all-knowingness_129.jpg,all-knowingness,ALL
alodia_104.jpg,alodia,ALodIA
Altavista_385.jpg,Altavista,ALTAvista
ambulances_951.jpg,ambulances,ambulance's
aminotransferase_504.jpg,aminotransferase,aminotransferase
amnions_900.jpg,amnions,amnions
Ampelos_284.jpg,Ampelos,AMDELOS
anacrogynous_281.jpg,anacrogynous,AnacrogYNous
anacrustically_577.jpg,anacrustically,anacrustically
andantes_718.jpg,andantes,Andantes
Andreaeales_836.jpg,Andreaeales,Andreaeales
androsterone_507.jpg,androsterone,androsterone
anemobiagraph_618.jpg,anemobiagraph,Anemoliagraph
aneurysms_973.jpg,aneurysms,aneurysms
Annamaria_456.jpg,Annamaria,Annamaria
annuls_57.jpg,annuls,AnNULS
anomalure_377.jpg,anomalure,anomalure
Antaean_243.jpg,Antaean,ANtaean
antalkaline_439.jpg,antalkaline,antalkaline
Anti-shemite_522.jpg,Anti-shemite,ShEmite
antichance_974.jpg,antichance,antichance
antichoromanic_466.jpg,antichoromanic,antichoromanic
antidotal_78.jpg,antidotal,Antidotal
antipolice_977.jpg,antipolice,antipolice
antityphoid_163.jpg,antityphoid,antityphoid
antixerophthalmic_743.jpg,antixerophthalmic,antixerophthalmic
antrin_512.jpg,antrin,ANIIAIN
Aphoruridae_500.jpg,Aphoruridae,Aphorurdde
aphthoid_7.jpg,aphthoid,APhthoid
apiculation_765.jpg,apiculation,Apiculation
appetizement_101.jpg,appetizement,appetizement
arabana_193.jpg,arabana,AraBana
archpublican_607.jpg,archpublican,ARCHPUBLICAN
archrobber_721.jpg,archrobber,archrobber
archworker_328.jpg,archworker,archworker
archworker_863.jpg,archworker,ARHWORKER
argental_434.jpg,argental,Argental
Arlis_177.jpg,Arlis,ARLIS
arm-linked_196.jpg,arm-linked,armlinked
ashamed_126.jpg,ashamed,ashamea
assigning_137.jpg,assigning,ASSIGNING
aswirl_890.jpg,aswirl,ASWIrL
asymptomatic_8.jpg,asymptomatic,asymptomatic
attestative_14.jpg,attestative,aLtestative
aware_658.jpg,aware,aware
backheel_984.jpg,backheel,Backheel
Baelbeer_868.jpg,Baelbeer,Baelbeer
baister_725.jpg,baister,BAister
baneberry_287.jpg,baneberry,Banebery
banterer_511.jpg,banterer,Banterer
barehead_781.jpg,barehead,Barehead
basaree_647.jpg,basaree,basaree
basileis_323.jpg,basileis,BASILEIS
Basse-Normandie_312.jpg,Basse-Normandie,BASSE
Batsheva_657.jpg,Batsheva,BAtsheva
battlefields_831.jpg,battlefields,Battlefield's
bearers_429.jpg,bearers,Bearers
beavered_472.jpg,beavered,Beavered
beavers_998.jpg,beavers,BEavers
becalms_178.jpg,becalms,becalms
bedwarfed_882.jpg,bedwarfed,BEDWARFED
Behrman_476.jpg,Behrman,BeHrman
bejumbles_782.jpg,bejumbles,Bejumbles
belly-land_172.jpg,belly-land,BeLAd
bellyaching_874.jpg,bellyaching,BELLAChiINg
bellyflaught_581.jpg,bellyflaught,Bellyflaught
Benil_778.jpg,Benil,BenI
berths_589.jpg,berths,Berths
bezique_967.jpg,bezique,Bezique
Biafra_310.jpg,Biafra,BIAFra
bible-clerk_945.jpg,bible-clerk,bIbLE
bilberries_956.jpg,bilberries,bIlberies
billet_997.jpg,billet,BILLET
billowy_260.jpg,billowy,BILLOWy
biolinguistics_304.jpg,biolinguistics,Blolnguistics
birostrate_11.jpg,birostrate,birostrate
bittersweetness_703.jpg,bittersweetness,BITersweetness
black-letter_626.jpg,black-letter,blacKlETTeR
blackmailing_279.jpg,blackmailing,BlAckmailing
bladderlike_754.jpg,bladderlike,bladderlike
blathered_363.jpg,blathered,BLAThered
blindeyes_990.jpg,blindeyes,Blindeyes
blissful_750.jpg,blissful,BlISTO
blokes_224.jpg,blokes,BLOK
BMO_81.jpg,BMO,BMO
bonhomies_613.jpg,bonhomies,BONHOMIs
boogaloo_902.jpg,boogaloo,Boogaloo
boogeymen_79.jpg,boogeymen,boogeymen
book-match_587.jpg,book-match,Bookmatch
Borries_833.jpg,Borries,Borries
Boscovich_263.jpg,Boscovich,BOSCoVich
Botswana_548.jpg,Botswana,Botswana
bow-bending_802.jpg,bow-bending,BOW
bradding_190.jpg,bradding,Bradding
breithauptite_288.jpg,breithauptite,Breithauptite
breviary_121.jpg,breviary,BReViary
Brunsville_538.jpg,Brunsville,BRUNSVILLE
buck-one_267.jpg,buck-one,buckone
bugle_976.jpg,bugle,BUgLE
bulimiform_46.jpg,bulimiform,Bulimiform
burdened_65.jpg,burdened,Burdened
bursectomy_430.jpg,bursectomy,Bursectomy
butanoic_340.jpg,butanoic,butanoic
butylic_473.jpg,butylic,BUtylIC
by-chop_819.jpg,by-chop,ByCchop
CAA_733.jpg,CAA,CAA
caccias_584.jpg,caccias,CACCIAS
calcio-_230.jpg,calcio-,CALCIO
Calondra_1.jpg,Calondra,CALOndra
caloris_452.jpg,caloris,CALORis
Cal_612.jpg,Cal,CAL
Camestres_530.jpg,Camestres,Camestres
camphors_759.jpg,camphors,CAMphors
canonicalness_883.jpg,canonicalness,CANONICALNESS
Capet_333.jpg,Capet,CAPET
capsules_484.jpg,capsules,CApSUIES
catachrestically_769.jpg,catachrestically,Catachrestially
cataract_790.jpg,cataract,Cataract
categorizer_317.jpg,categorizer,CaTegOrIzer
cavernlike_701.jpg,cavernlike,cavernlike
cephalin_749.jpg,cephalin,Cephalin
cephalodiscid_777.jpg,cephalodiscid,CEPHALODISOD
cerebellitis_202.jpg,cerebellitis,Cerebellitis
certificate_67.jpg,certificate,Cerificate
cetonian_526.jpg,cetonian,Cetonian
chaityas_917.jpg,chaityas,CHAITYas
champignons_730.jpg,champignons,champignons
changemaker_554.jpg,changemaker,CHANGEMAKER
chauvinistic_591.jpg,chauvinistic,ChauVINISTC
cheaps_353.jpg,cheaps,CHEaps
checkpoint_823.jpg,checkpoint,Checkpoint
Childermas_82.jpg,Childermas,Childermas
chilenite_715.jpg,chilenite,Chilenite
Choate_191.jpg,Choate,CHOate
cholelithiasis_729.jpg,cholelithiasis,CHOLEIHIASIS
Chonju_482.jpg,Chonju,CHONJU
Chteauroux_17.jpg,Chteauroux,ChTeauroux
chuffest_407.jpg,chuffest,CHUFFest
cicatrized_611.jpg,cicatrized,CiCatrized
cilo-spinal_796.jpg,cilo-spinal,CIlospinal
citizenize_77.jpg,citizenize,CITIZENIZe
cleansing_933.jpg,cleansing,CLEansing
clivus_699.jpg,clivus,CLIVUS
cloudlessness_220.jpg,cloudlessness,CLoudlessness
coagulase_134.jpg,coagulase,Coagulase
Cocceianism_12.jpg,Cocceianism,Coccelanism
codiscoverers_569.jpg,codiscoverers,CodiscoVerErS
coel-_256.jpg,coel-,COEL
coenosteum_723.jpg,coenosteum,Coenosteum
coercibleness_685.jpg,coercibleness,Coercibleness
coetaneousness_848.jpg,coetaneousness,Coetaneousness
coffins_37.jpg,coffins,COFfins
cognises_635.jpg,cognises,COGNISES
coinstantaneous_809.jpg,coinstantaneous,coinstantaneous
cold-blooded_771.jpg,cold-blooded,COLd
Collinston_827.jpg,Collinston,Colliston
colposcopy_714.jpg,colposcopy,COlpOsCOPy
columniform_6.jpg,columniform,COuMAiform
comebacks_63.jpg,comebacks,Comebacks
comities_495.jpg,comities,COMiTies
communication_594.jpg,communication,Communication
compulsives_242.jpg,compulsives,COMOSIVES
confirmability_388.jpg,confirmability,Confirmability
Confucian_978.jpg,Confucian,COnfucian
conichalcite_871.jpg,conichalcite,conichalcite
consults_433.jpg,consults,COnSuts
conveyorization_722.jpg,conveyorization,Conveyorization
cooperancy_610.jpg,cooperancy,Cooperancy
coped_132.jpg,coped,COPEd
copperbottom_273.jpg,copperbottom,Copperbottom
counterscarp_966.jpg,counterscarp,Counterscarp
countertheme_576.jpg,countertheme,Countertheme
courtbred_47.jpg,courtbred,Courtbred
cowflap_527.jpg,cowflap,COWflap
coxalgies_25.jpg,coxalgies,COXalgies
cracklings_379.jpg,cracklings,CrAcKLinGS
craniospinal_36.jpg,craniospinal,Craniospinal
crazy-drunk_149.jpg,crazy-drunk,Crazydrunk
croakiest_453.jpg,croakiest,CroakIEst
Crotopus_241.jpg,Crotopus,Crotopus
crystallographers_306.jpg,crystallographers,Crystalographers
curativeness_374.jpg,curativeness,Curativeness
customizations_712.jpg,customizations,Customization
cyclospermous_867.jpg,cyclospermous,Cyclospermous
Cymbella_521.jpg,Cymbella,CYMBEA
cytoglobulin_60.jpg,cytoglobulin,cytoglobulin
Czechosl_505.jpg,Czechosl,CzeChOS
dadder_165.jpg,dadder,dadder
Dagusmines_960.jpg,Dagusmines,Dagusmines
Dahle_460.jpg,Dahle,DahLe
dame-school_221.jpg,dame-school,dameschool
darkled_131.jpg,darkled,darkled
day-to-day_972.jpg,day-to-day,daytoday
DBO_425.jpg,DBO,DBO
De-italianize_290.jpg,De-italianize,Deitalianize
dealbuminize_985.jpg,dealbuminize,dealbuminize
decidedly_311.jpg,decidedly,dEcidedly
deerfly_18.jpg,deerfly,DEERFLY
degras_761.jpg,degras,DEGRAS
Delma_893.jpg,Delma,DElma
deltoids_318.jpg,deltoids,deltoids
denticete_276.jpg,denticete,denticete
Derward_265.jpg,Derward,DERWARD
desiderate_799.jpg,desiderate,desiderate
despin_901.jpg,despin,despIN
destine_183.jpg,destine,destine
deteriorating_395.jpg,deteriorating,deteriorating
detrench_16.jpg,detrench,detrench
detruded_899.jpg,detruded,detruded
Deutzia_653.jpg,Deutzia,Deutzia
Deville_268.jpg,Deville,Deville
dewret_477.jpg,dewret,dewret
dimethylsulfoxide_387.jpg,dimethylsulfoxide,dimethylsulfoxide
dinners_598.jpg,dinners,DINNERS
Dipnoi_524.jpg,Dipnoi,DIpnoi
disawa_160.jpg,disawa,ISAWA
disciplinarian_935.jpg,disciplinarian,disciplinarian
disfigures_803.jpg,disfigures,aisfigures
disorder_42.jpg,disorder,Disrder
distincter_593.jpg,distincter,distincter
distinguishedly_970.jpg,distinguishedly,distinguishedly
dived_492.jpg,dived,dived
diversiform_207.jpg,diversiform,diversiform
divertimentos_22.jpg,divertimentos,divertimentos
Djajapura_566.jpg,Djajapura,Dajapura
dogcart_43.jpg,dogcart,Dogcart
Dorisa_762.jpg,Dorisa,DOriSa
double-ganger_534.jpg,double-ganger,doubleganger
Doukhobortsy_502.jpg,Doukhobortsy,Doukhobortsy
dowdy_346.jpg,dowdy,DoWdy
downstair_386.jpg,downstair,downstalr
drawspring_195.jpg,drawspring,Drawspring
dredger_187.jpg,dredger,Dredger
drivellers_454.jpg,drivellers,drivellers
drugshop_842.jpg,drugshop,drugshop
drumbles_219.jpg,drumbles,drumbles
Duchamp_274.jpg,Duchamp,DUCHIAMP
dulc_89.jpg,dulc,DuLc
durances_92.jpg,durances,durances
Durman_189.jpg,Durman,Durman
earthily_630.jpg,earthily,EARtHILY
ectadenia_555.jpg,ectadenia,ECtadenia
Egyptianised_668.jpg,Egyptianised,EGyTIAnISeD
eight-flowered_282.jpg,eight-flowered,H
electromagnetize_226.jpg,electromagnetize,electromagnetize
elvanitic_246.jpg,elvanitic,ElVanitic
emblematised_670.jpg,emblematised,emblematised
embryonated_627.jpg,embryonated,embryonated
emigrative_10.jpg,emigrative,EMIGRATIVE
Emim_424.jpg,Emim,EMI
empalement_897.jpg,empalement,empalement
endenizen_171.jpg,endenizen,ENDENIZEN
ensued_3.jpg,ensued,ENSued
Entelodon_39.jpg,Entelodon,ENtelodon
enteritis_51.jpg,enteritis,enteritis
entire-leaved_726.jpg,entire-leaved,LEaved
entracte_711.jpg,entracte,entracte
epiploce_695.jpg,epiploce,Epiploce
episynaloephe_198.jpg,episynaloephe,EPISYNALOEPHE
erethisia_708.jpg,erethisia,EReThISA
eristic_559.jpg,eristic,EriSTIC
Erpetoichthys_118.jpg,Erpetoichthys,ErPeToichthys
Escallonia_209.jpg,Escallonia,EScallonia
etch_490.jpg,etch,ETCH
ethmoiditis_508.jpg,ethmoiditis,ethMoiditis
ethnogenist_556.jpg,ethnogenist,Ethnogenist
Eucharistical_784.jpg,Eucharistical,Eucharistical
euhemerising_499.jpg,euhemerising,uhemerising
eumenid_56.jpg,eumenid,EUMEND
everyway_793.jpg,everyway,EVeryway
excitabilities_808.jpg,excitabilities,excitabilities
exclusions_451.jpg,exclusions,Exclusions
executive_660.jpg,executive,eXecutive
executrices_34.jpg,executrices,executrices
extersive_677.jpg,extersive,extersive
extraovate_239.jpg,extraovate,exraovate
extraplacental_636.jpg,extraplacental,Exrapldcentea
face-arbor_694.jpg,face-arbor,facecarbor
fandangos_780.jpg,fandangos,fandangos
Farlee_865.jpg,Farlee,FArlee
farth_111.jpg,farth,FARtH
fatherless_4.jpg,fatherless,fatherless
fath_915.jpg,fath,FATH
fattener_785.jpg,fattener,FATTENER
Ferae_614.jpg,Ferae,FERAe
feudalisation_223.jpg,feudalisation,FEUDALISATION
fiance_906.jpg,fiance,Fiance
fideicommissa_839.jpg,fideicommissa,fideicommissa
fingers_835.jpg,fingers,FNGEPS
finically_446.jpg,finically,FiniCALLY
finiking_908.jpg,finiking,Finiking
flankwise_625.jpg,flankwise,flankwise
flare_753.jpg,flare,FlAre
flatbeds_810.jpg,flatbeds,Fatbeds
flatbread_929.jpg,flatbread,flatbread
flection_706.jpg,flection,LECTION
fluorimeter_741.jpg,fluorimeter,fluorimeter
folky_760.jpg,folky,FOLKY
fonly_633.jpg,fonly,FonLY
fore-stick_742.jpg,fore-stick,Forestick
foreslow_225.jpg,foreslow,FORESlOW
foreweigh_943.jpg,foreweigh,FOREWEIGH
forseeable_773.jpg,forseeable,forseeable
fracedinous_752.jpg,fracedinous,fracedinous
frenzying_29.jpg,frenzying,FRENZYIng
frescoer_372.jpg,frescoer,frescoer
Frye_376.jpg,Frye,FRYe
full-depth_315.jpg,full-depth,FullDepth
furcilia_325.jpg,furcilia,FurciILlIa
furiant_264.jpg,furiant,FUrAnt
furicane_269.jpg,furicane,Furicane
Gadus_293.jpg,Gadus,GAdus
gallimaufry_916.jpg,gallimaufry,Gallmaufry
gamostele_261.jpg,gamostele,gamostele
GBIP_643.jpg,GBIP,GBIP
geniculated_980.jpg,geniculated,geniculated
Genoa_717.jpg,Genoa,GENOA
gerrymander_142.jpg,gerrymander,gerrymander
Ghiordes_182.jpg,Ghiordes,Ghiordes
giggish_401.jpg,giggish,Giggish
gins_420.jpg,gins,Gin
Giulini_412.jpg,Giulini,Gulini
give_300.jpg,give,GIVe
glaciaria_517.jpg,glaciaria,Gaciaria
Gladwin_441.jpg,Gladwin,GLadwin
glimpse_642.jpg,glimpse,GLIMPSE
glossocomon_299.jpg,glossocomon,glassoComoN
golden-gleaming_903.jpg,golden-gleaming,golden
goody-goodyness_136.jpg,goody-goodyness,gooDygODynes
governorships_513.jpg,governorships,governorships
Granada_829.jpg,Granada,GRANADA
grapestalk_736.jpg,grapestalk,Grapestalk
grills_628.jpg,grills,GrILL
grisly_262.jpg,grisly,GrISLY
Grose_184.jpg,Grose,Grose
Guadalquivir_515.jpg,Guadalquivir,GuAdalquivir
gudewife_330.jpg,gudewife,gudewife
guffy_208.jpg,guffy,GufF
Gunneraceae_125.jpg,Gunneraceae,Gunneraceae
H-hinge_238.jpg,H-hinge,Hhinge
hadromycosis_75.jpg,hadromycosis,hadromycosis
haen_779.jpg,haen,HAEN
hairsplitting_26.jpg,hairsplitting,haIrsplitting
Hakenkreuzler_112.jpg,Hakenkreuzler,Hakenkreuzler
half-decked_152.jpg,half-decked,HALRDECKED
half-demolished_688.jpg,half-demolished,Halfdemolished
half-important_619.jpg,half-important,Halfimportant
hand-chase_815.jpg,hand-chase,handchase
hang-head_175.jpg,hang-head,Hanghead
harvest-field_678.jpg,harvest-field,FiELD
hatchite_550.jpg,hatchite,HatChite
Hatton_850.jpg,Hatton,HATTON
Hawker_103.jpg,Hawker,RAWKeR
hazanim_483.jpg,hazanim,HAZanim
hectically_914.jpg,hectically,HEctiCalLy
hemodiagnosis_991.jpg,hemodiagnosis,Hemodiagnosis
hemophagocytosis_652.jpg,hemophagocytosis,Hemophagocytosis
hemstitched_855.jpg,hemstitched,Hemstitched
heptacosane_892.jpg,heptacosane,Heptacosane
hereagain_995.jpg,hereagain,Hereagaln
heterostyly_74.jpg,heterostyly,HETeroStyy
Hillingdon_352.jpg,Hillingdon,HilLIGDON
hind-sight_110.jpg,hind-sight,HINdsight
hip-girdle_232.jpg,hip-girdle,Hipgirdle
histographer_24.jpg,histographer,histographer
histographies_738.jpg,histographies,histographies
Hobgoblin_90.jpg,Hobgoblin,HOBGOBLIn
hoising_76.jpg,hoising,Hoising
Hominy_174.jpg,Hominy,HOMINy
homoeoid_700.jpg,homoeoid,homoeoid
Homoneura_383.jpg,Homoneura,OMONEura
honeywort_48.jpg,honeywort,Honeywort
Honoria_19.jpg,Honoria,HOnoria
hoodman-blind_680.jpg,hoodman-blind,BLIind
hotcake_609.jpg,hotcake,HOtcake
Housen_672.jpg,Housen,HOUse
howfs_437.jpg,howfs,HOWfs
hydrogenase_493.jpg,hydrogenase,hydrogenase
hymnodist_480.jpg,hymnodist,hymnodist
hyperdialectism_942.jpg,hyperdialectism,hyPerdilectism
hyperromantically_963.jpg,hyperromantically,HyPerromantically
hypocrital_244.jpg,hypocrital,HYpocriTAL
Iamus_737.jpg,Iamus,VAMUS
ibolium_294.jpg,ibolium,IBolium
ideograms_979.jpg,ideograms,Ideograms
idioplasmic_536.jpg,idioplasmic,IDIoplasmic
iffier_946.jpg,iffier,FFIer
illite_2.jpg,illite,ILLITE
immigration_416.jpg,immigration,Immigration
impracticableness_201.jpg,impracticableness,ImPracticableness
inadequacies_98.jpg,inadequacies,Nadequacies
incited_545.jpg,incited,INCited
incogent_394.jpg,incogent,Cogent
increaseful_8.jpg,increaseful,increaseful
incredibleness_313.jpg,incredibleness,incredibleness
indulgency_824.jpg,indulgency,indulgency
ingenie_308.jpg,ingenie,Ingenie
innovations_354.jpg,innovations,Innovations
inopercular_920.jpg,inopercular,INOPERCULAR
inoxidable_776.jpg,inoxidable,inoxidable
internalized_215.jpg,internalized,internalized
internescine_747.jpg,internescine,Internes.cine
invalidation_292.jpg,invalidation,nValdaion
investigational_314.jpg,investigational,investigational
ioniser_739.jpg,ioniser,IOniser
IRD_295.jpg,IRD,IRD
irenicism_911.jpg,irenicism,IRENICISM
Irob-saho_805.jpg,Irob-saho,RO0soN0
irradiator_950.jpg,irradiator,Irradiator
irreconciliability_150.jpg,irreconciliability,irreconciliability
irresistibly_936.jpg,irresistibly,RRESISTBLY
Islandton_791.jpg,Islandton,Islandton
Ismaelitic_944.jpg,Ismaelitic,SMaeltic
isnt_600.jpg,isnt,ISN
isolecithal_758.jpg,isolecithal,ISolecithal
isomorphous_975.jpg,isomorphous,ISomorphous
Izak_329.jpg,Izak,IZAK
jambing_100.jpg,jambing,Jambing
jaunting-car_830.jpg,jaunting-car,JAuntingcar
Jehovism_557.jpg,Jehovism,Jehovism
jejunums_940.jpg,jejunums,Jejunums
jinglebob_122.jpg,jinglebob,Jinglebob
Juntura_253.jpg,Juntura,USARA
jusquaboutisme_662.jpg,jusquaboutisme,iusquaboutisme
kabbalahs_143.jpg,kabbalahs,KaBbalah's
kemb_487.jpg,kemb,KEmb
kilter_164.jpg,kilter,KITER
kinetophobia_147.jpg,kinetophobia,Kinetophobia
king-piece_254.jpg,king-piece,KingpIeCE
knackers_61.jpg,knackers,Knackers
Knepper_671.jpg,Knepper,KNEPPER
knightship_413.jpg,knightship,Knightship
Koy_417.jpg,Koy,KOY
kraals_665.jpg,kraals,KRAALS
kremersite_669.jpg,kremersite,Kremersite
Kristianstad_400.jpg,Kristianstad,Kristianstaa
kugel_602.jpg,kugel,KUgE
kumhar_837.jpg,kumhar,KUMhAR
lacquers_766.jpg,lacquers,Lacquers
Lamoure_32.jpg,Lamoure,CAMoure
lamp-bearing_128.jpg,lamp-bearing,lampbearing
laparohysterotomy_40.jpg,laparohysterotomy,aparohysterotomy
laths_0.jpg,laths,LAIH
legitimized_724.jpg,legitimized,Legitimized
lettergae_301.jpg,lettergae,Lettergae
leukomas_698.jpg,leukomas,CUKONOS
lewth_955.jpg,lewth,LEWTh
lierne_186.jpg,lierne,LIERNE
lion-headed_691.jpg,lion-headed,LoNHeaded
lipopolysaccharide_514.jpg,lipopolysaccharide,Hppolysaccharide
Lipton_898.jpg,Lipton,LIPTON
liters_464.jpg,liters,LITErs
litterers_846.jpg,litterers,litterers
LIU_153.jpg,LIU,LIU
llanos_123.jpg,llanos,ILAnos
Loganville_913.jpg,Loganville,ROGanville
loggerhead_958.jpg,loggerhead,loggerhead
logorrhoea_58.jpg,logorrhoea,Logorrhoea
Loraine_682.jpg,Loraine,LOraIne
loudspeakers_987.jpg,loudspeakers,loudspeakers
lovably_212.jpg,lovably,LOVABLY
Luite_891.jpg,Luite,LUITE
lyke-wake_690.jpg,lyke-wake,lykewake
MacIntyre_764.jpg,MacIntyre,Macintyre
mahone_286.jpg,mahone,Mahone
mahsur_345.jpg,mahsur,MAhsur
make-falcon_852.jpg,make-falcon,Make
malapertness_592.jpg,malapertness,malapertness
Malayan_844.jpg,Malayan,MALAyan
mammotropin_349.jpg,mammotropin,mammotropin
Mandingoes_179.jpg,Mandingoes,Mandingoes
Martyn_853.jpg,Martyn,MArtyn
Maurandia_130.jpg,Maurandia,Maurandia
Maurilla_988.jpg,Maurilla,MAURrillL
mazut_905.jpg,mazut,Mazut
megalospheric_624.jpg,megalospheric,megalospheric
Melie_139.jpg,Melie,Melie
Mendelssohnic_629.jpg,Mendelssohnic,Mendelssohnic
Merrielle_646.jpg,Merrielle,Merrielle
mesoscutum_851.jpg,mesoscutum,MEsOscUTUM
Messrs_3.jpg,Messrs,Messrs
metamerized_570.jpg,metamerized,metamerized
metronomically_343.jpg,metronomically,metronomically
metrostaxis_821.jpg,metrostaxis,Metrostaxis
mhometer_989.jpg,mhometer,Mhometer
micasize_119.jpg,micasize,micasize
microbody_880.jpg,microbody,Mcro30Dy
micropyrometer_531.jpg,micropyrometer,micropyrometer
Microscopid_872.jpg,Microscopid,Microscopid
Millar_199.jpg,Millar,MILLAR
millboard_28.jpg,millboard,Millboard
minnesong_227.jpg,minnesong,Minnesong
minuet_485.jpg,minuet,MINUeT
miosis_873.jpg,miosis,MOSIS
misallotting_366.jpg,misallotting,MiSalloting
misarticulating_996.jpg,misarticulating,misarticulating
misfortuned_964.jpg,misfortuned,isfortuned
misjudgment_205.jpg,misjudgment,Misjudgment
misprizing_185.jpg,misprizing,MiSprizing
misshipped_375.jpg,misshipped,ISSHIPPED
Mohammedanize_316.jpg,Mohammedanize,MOHAMMEdanize
MOIG_156.jpg,MOIG,MOIG
monaxial_289.jpg,monaxial,Monaxial
Monbuttu_816.jpg,Monbuttu,Monbuttu
mongoloids_622.jpg,mongoloids,mongoloids
monogynoecial_408.jpg,monogynoecial,Monogynoecial
monopolitical_305.jpg,monopolitical,ONODOTICA
montre_666.jpg,montre,montre
mooseberries_358.jpg,mooseberries,mooseberries
MOTIS_887.jpg,MOTIS,MOTIS
motor-camping_384.jpg,motor-camping,MOtor
mountingly_362.jpg,mountingly,Mountingly
mown_992.jpg,mown,MOWN
mudirieh_686.jpg,mudirieh,Mudirieh
muezzin_105.jpg,muezzin,Mezzin
multigrade_637.jpg,multigrade,Multigrade
MUP_858.jpg,MUP,MUP
myelonic_798.jpg,myelonic,Myelonic
myopathies_455.jpg,myopathies,myopathies
Narine_876.jpg,Narine,NArINE
Nashoba_368.jpg,Nashoba,Nashoba
nataloin_640.jpg,nataloin,NATALOIN
nattier_794.jpg,nattier,nattier
ndoderm_756.jpg,ndoderm,Ndoderm
Necrophorus_458.jpg,Necrophorus,Necrophorus
neguses_468.jpg,neguses,neguses
nelumbian_86.jpg,nelumbian,nelumbian
neurokeratin_516.jpg,neurokeratin,eurokeratin
no-nonsense_817.jpg,no-nonsense,nononsense
Noak_450.jpg,Noak,NOAk
Noellyn_707.jpg,Noellyn,Noellyn
noetian_444.jpg,noetian,NOETIAn
Non-moslem_606.jpg,Non-moslem,Nonmosem
nonbrowser_348.jpg,nonbrowser,nonbrowser
noncommercially_70.jpg,noncommercially,noncomMerciallLy
noncorresponding_475.jpg,noncorresponding,noncorresponding
nondrinker_69.jpg,nondrinker,Nondrinker
nonpreparatory_959.jpg,nonpreparatory,nonpreparatory
nonseriousness_157.jpg,nonseriousness,nonserIOUushess
nonsuppositional_928.jpg,nonsuppositional,nonsupositiona
nonvinosity_206.jpg,nonvinosity,NonVINOSy
nosethirl_135.jpg,nosethirl,nosethirl
noter_667.jpg,noter,NOter
Oakman_168.jpg,Oakman,OAKMAn
obbligato_875.jpg,obbligato,ObBlIiGATO
obelised_597.jpg,obelised,OBELISED
obloquious_547.jpg,obloquious,Obloguious
obsequial_470.jpg,obsequial,OBSEQUIAL
obtained_645.jpg,obtained,Obtained
occultly_54.jpg,occultly,OCCULTY
ocher-yellow_590.jpg,ocher-yellow,ocheryellow
offcut_687.jpg,offcut,OFFCUt
Okmulgee_55.jpg,Okmulgee,OKMulgee
onychomancy_744.jpg,onychomancy,onychomancy
ookinesis_615.jpg,ookinesis,Ookinesis
oolongs_529.jpg,oolongs,OOLangs
oosporangium_886.jpg,oosporangium,Oosporangium
opedeldoc_857.jpg,opedeldoc,Opedeldoc
ophthalmoleucoscope_705.jpg,ophthalmoleucoscope,ophthalmolecoscope
opsonogen_952.jpg,opsonogen,Opsonogen
Oreodontidae_181.jpg,Oreodontidae,oreodontidae
orthoganal_849.jpg,orthoganal,ortnogana
orthostatic_681.jpg,orthostatic,Orthostatic
osmose_155.jpg,osmose,Osmose
osteotrophic_663.jpg,osteotrophic,osteotrophic
ostrich-feather_843.jpg,ostrich-feather,OStrieh
outbreeds_228.jpg,outbreeds,outbreeds
outen_638.jpg,outen,OuTen
outpleasing_115.jpg,outpleasing,OUTpLeasing
outshown_813.jpg,outshown,Outshown
outsift_907.jpg,outsift,Outsift
outswindle_356.jpg,outswindle,outswindle
ovatoorbicular_862.jpg,ovatoorbicular,OVATOORBICULAR
Overly_631.jpg,Overly,OVERLY
overrankness_745.jpg,overrankness,OVerrankness
oversimplifying_969.jpg,oversimplifying,OVersimplifying
overstrain_107.jpg,overstrain,OVerstrain
overweakness_99.jpg,overweakness,OVerweakness
pale-reddish_307.jpg,pale-reddish,PAlereddish
palmospasmus_218.jpg,palmospasmus,Palmospasmus
palolos_585.jpg,palolos,PALoLos
palpitatingly_463.jpg,palpitatingly,PAlPIitatingly
pangene_116.jpg,pangene,Pangene
pantywaists_236.jpg,pantywaists,PAntywaists
Papandreou_797.jpg,Papandreou,PApandreou
paradisian_562.jpg,paradisian,Paradisian
parathyroidectomies_774.jpg,parathyroidectomies,Parathyroidectomies
Parcel-latin_342.jpg,Parcel-latin,Parcllatin
parotis_941.jpg,parotis,Parous
parures_161.jpg,parures,Parures
pasqueflower_259.jpg,pasqueflower,Pasqueflower
passionately_237.jpg,passionately,PAsSONA
patrollers_45.jpg,patrollers,PATrOLLERrs
pecify_650.jpg,pecify,PECIY
Peele_859.jpg,Peele,PEELe
penny-pinch_144.jpg,penny-pinch,Pennypinch
peonies_68.jpg,peonies,Peonies
perambulated_113.jpg,perambulated,Perambulated
percurration_213.jpg,percurration,Percurration
periscii_494.jpg,periscii,Periscii
perkily_231.jpg,perkily,PerKILY
perukiership_523.jpg,perukiership,DelkiCsro
Petalostemon_197.jpg,Petalostemon,Petalostemon
Phalange_84.jpg,Phalange,Phalange
phonetism_270.jpg,phonetism,phonetism
phyllophagan_229.jpg,phyllophagan,Phyllophagan
Pici_586.jpg,Pici,PICI
picosecond_309.jpg,picosecond,Picosecond
pictographs_176.jpg,pictographs,Pictographs
pilch_9.jpg,pilch,PICH
pilis_275.jpg,pilis,PIlIS
pinesap_214.jpg,pinesap,PInesap
pinheaded_392.jpg,pinheaded,Pinheaded
pistachios_94.jpg,pistachios,PIsTachIoS
pitch-pipe_919.jpg,pitch-pipe,PICH
pivotal_469.jpg,pivotal,PIVOTAL
plantivorous_23.jpg,plantivorous,Plantivorous
plateasm_533.jpg,plateasm,PLAteasm
pleasurable_573.jpg,pleasurable,Pleasurable
pleasure-tired_324.jpg,pleasure-tired,Pleasuretired
pledgees_543.jpg,pledgees,PLEDgees
pleophagous_709.jpg,pleophagous,PLeophAGgOUs
pluralize_166.jpg,pluralize,Pluralize
Poephaga_673.jpg,Poephaga,POEPhaga
poetastering_251.jpg,poetastering,POetastering
polariscopy_895.jpg,polariscopy,Polariscopy
Polonia_807.jpg,Polonia,POLONIA
polycentral_406.jpg,polycentral,Polycentral
polyose_923.jpg,polyose,Pgose
pomatums_878.jpg,pomatums,Pomatums
pondgrass_327.jpg,pondgrass,Pondgrass
popomastic_820.jpg,popomastic,Popomastic
positioned_250.jpg,positioned,Ppositioned
Post-crusade_445.jpg,Post-crusade,Postcrusade
postenteral_467.jpg,postenteral,postentera
postiques_257.jpg,postiques,Postiques
powder-gray_222.jpg,powder-gray,Powdergray
powerless_133.jpg,powerless,POWERLES
pre-evaporate_1.jpg,pre-evaporate,evaporate
pre-Sumerian_481.jpg,pre-Sumerian,Sumerian
preaffiliation_59.jpg,preaffiliation,Preaffliation
precepts_326.jpg,precepts,Precepts
precessional_347.jpg,precessional,PRECESIONAL
precongestive_266.jpg,precongestive,Precongestive
precurse_140.jpg,precurse,Oreotree
prediscontinue_478.jpg,prediscontinue,prediscontinue
predriven_158.jpg,predriven,Predriven
pregnability_364.jpg,pregnability,Pregnabilty
preindulgence_542.jpg,preindulgence,Preindulgence
preinventories_235.jpg,preinventories,Preinventories
preinvited_968.jpg,preinvited,Preinvited
prerelation_616.jpg,prerelation,Prerelation
pretelevision_866.jpg,pretelevision,Pretelesion
prevogue_9.jpg,prevogue,Prevogue
prideling_486.jpg,prideling,Prideling
prioracy_814.jpg,prioracy,PRIORACY
pro-Vietnamese_370.jpg,pro-Vietnamese,Provietnamese
proemployment_427.jpg,proemployment,Proemployment
prognosticating_775.jpg,prognosticating,Prognosticating
proser_731.jpg,proser,PRoSEr
prothoracic_2.jpg,prothoracic,Prothoracic
prototypographer_414.jpg,prototypographer,Prototypographer
proxically_965.jpg,proxically,PROXICATY
psalteries_415.jpg,psalteries,Psalteries
pseudodevice_768.jpg,pseudodevice,ASeudodevice
psst_145.jpg,psst,PSST
psychosociology_885.jpg,psychosociology,Psychosociology
purchases_828.jpg,purchases,PURCHASES
purple-faced_302.jpg,purple-faced,Purplefaced
purple-headed_389.jpg,purple-headed,Purpleheadea
pyrostilpnite_369.jpg,pyrostilpnite,pyrostilpnite
Pyrrhocoridae_719.jpg,Pyrrhocoridae,Pyrrhocoridae
qindars_894.jpg,qindars,QIndars
QMG_664.jpg,QMG,QMe
quadrenniums_188.jpg,quadrenniums,quadrenniums
quadrifoliate_713.jpg,quadrifoliate,quadrifoliate
quiet-seeming_847.jpg,quiet-seeming,QUIetseeming
quilling_605.jpg,quilling,GUIlIN
quisquilian_245.jpg,quisquilian,quisquilian
rabbits_449.jpg,rabbits,RAbbItS
raptest_97.jpg,raptest,Apteat
Rauschenbusch_378.jpg,Rauschenbusch,rauschenbus.ch
Raviv_922.jpg,Raviv,RAVIV
reaccomodated_604.jpg,reaccomodated,reaccomodated
reamass_491.jpg,reamass,Reamass
rearming_141.jpg,rearming,Rearming
reassent_565.jpg,reassent,Reassent
recapture_889.jpg,recapture,recapture
reconsecrated_639.jpg,reconsecrated,RECONSECRATED
red-brick_53.jpg,red-brick,redbrick
redd-up_953.jpg,redd-up,Redd
reed-back_541.jpg,reed-back,ReEdBack
reefy_411.jpg,reefy,REFY
reexpels_31.jpg,reexpels,Reexpels
rehedge_435.jpg,rehedge,Rehedge
reice_249.jpg,reice,REIce
reimpress_421.jpg,reimpress,Reimpress
Reinhard_428.jpg,Reinhard,Reinhard
reissues_704.jpg,reissues,Reissues
remarks_465.jpg,remarks,Remarks
renewals_474.jpg,renewals,REnewals
repellingly_910.jpg,repellingly,REpellingly
replates_583.jpg,replates,REPLATES
repositary_840.jpg,repositary,Repositary
reprohibit_217.jpg,reprohibit,REProhibit
reservoirs_393.jpg,reservoirs,resevoir
reshift_442.jpg,reshift,ReshIft
respects_169.jpg,respects,RCSpects
resuggestion_30.jpg,resuggestion,resuggestion
resummon_138.jpg,resummon,resummon
retroacted_552.jpg,retroacted,retroacted
reverter_44.jpg,reverter,reverer
rhinaria_108.jpg,rhinaria,RHINARIA
ripe-bending_204.jpg,ripe-bending,Bending
rope-band_720.jpg,rope-band,band
Rotary_801.jpg,Rotary,ROTAry
rubbled_654.jpg,rubbled,RubbLEd
rubeoloid_418.jpg,rubeoloid,rubeoloid
rumbaed_696.jpg,rumbaed,RuMbaed
rype_479.jpg,rype,RYPe
saccharate_860.jpg,saccharate,saccharate
saccharic_41.jpg,saccharic,Saccharic
sacciferous_861.jpg,sacciferous,SacciFerous
safe-hold_203.jpg,safe-hold,SAfeHld
Saitis_83.jpg,Saitis,SAITIS
saltpan_575.jpg,saltpan,SALTPan
saltworts_567.jpg,saltworts,Saltworts
Sami_402.jpg,Sami,1
Sanvitalia_0.jpg,Sanvitalia,Sanvitalia
Saxondom_649.jpg,Saxondom,Saxondom
Scandinavianism_812.jpg,Scandinavianism,Scandinavianism
scaphocephalic_949.jpg,scaphocephalic,scaphocephalic
sceptropherous_544.jpg,sceptropherous,SCeptropherous
schochat_763.jpg,schochat,Schochat
scleroid_697.jpg,scleroid,SCLERoId
scolytoid_93.jpg,scolytoid,SCOLYTOA
scuffy_551.jpg,scuffy,SCUFY
seahound_578.jpg,seahound,Seahound
second-foot_271.jpg,second-foot,Second
seedpods_462.jpg,seedpods,Seedpods
self-capacity_641.jpg,self-capacity,Selfcapacity
self-pitying_786.jpg,self-pitying,SEF
semicanalis_319.jpg,semicanalis,SEMICANALIS
semicentury_648.jpg,semicentury,Semicentury
semineutral_675.jpg,semineutral,Semineutral
sennegrass_710.jpg,sennegrass,Sennegrass
sensoriglandular_404.jpg,sensoriglandular,sensoriglandular
seraphically_332.jpg,seraphically,ErAphically
sertularioid_422.jpg,sertularioid,Sertalarioid
sertule_506.jpg,sertule,Sertule
Shel_896.jpg,Shel,SHE
sheriff-pink_303.jpg,sheriff-pink,SHErifF
Shickley_283.jpg,Shickley,SHICKLEY
shifted_947.jpg,shifted,SHFEd
shinleaf_170.jpg,shinleaf,SHINleAF
short-winded_661.jpg,short-winded,Shortwindea
shyish_546.jpg,shyish,SHYISh
sidesteps_423.jpg,sidesteps,Sidesteps
siegecraft_361.jpg,siegecraft,Siegecraft
sightful_845.jpg,sightful,SIGhtful
sightsaw_748.jpg,sightsaw,SIightsaw
sigillistic_380.jpg,sigillistic,SgilliSTIC
silver-fork_582.jpg,silver-fork,ForK
silversides_518.jpg,silversides,silversides
simplifiedly_519.jpg,simplifiedly,SIMPlifIedly
single-ply_87.jpg,single-ply,SINGLE
single-tongue_520.jpg,single-tongue,SINglE
Siqueiros_877.jpg,Siqueiros,SIOUEIROS
sire_448.jpg,sire,SIRE
siziest_216.jpg,siziest,SIZiest
siziness_252.jpg,siziness,SIZIness
skeens_49.jpg,skeens,SKEEns
skiameter_255.jpg,skiameter,SkIAmeter
skirmisher_716.jpg,skirmisher,SkIRmshER
skun_926.jpg,skun,SKUn
sleep-walker_702.jpg,sleep-walker,SLeEP
slows_35.jpg,slows,SLOWS
smeddums_338.jpg,smeddums,Smeddums
Smithton_651.jpg,Smithton,SMithtoN
snaffling_603.jpg,snaffling,SNAFFlIng
snappy_983.jpg,snappy,SNAPPY
snuggest_841.jpg,snuggest,SnuGGest
Sobor_365.jpg,Sobor,SObor
sociocultural_954.jpg,sociocultural,Sociocultural
sod-bound_440.jpg,sod-bound,Sodbound
sole-ruling_532.jpg,sole-ruling,Soleruling
sole-saving_447.jpg,sole-saving,SOLE
solfatara_124.jpg,solfatara,SOLfatara
solidifiable_994.jpg,solidifiable,Solidifiable
sought_432.jpg,sought,SOUGHT
soul-enchanting_351.jpg,soul-enchanting,SOULenchANIiNg
soundhearted_64.jpg,soundhearted,Soundhearted
sovereigns_792.jpg,sovereigns,SoVereigns
Speedwriting_298.jpg,Speedwriting,SpeEdwriting
Spelter_80.jpg,Spelter,SPELTEr
spenders_320.jpg,spenders,Spenders
spewier_957.jpg,spewier,SPEwier
sphacelating_924.jpg,sphacelating,Sphacelating
spontaneous_732.jpg,spontaneous,Spontaneous
sportfisherman_88.jpg,sportfisherman,Sportfisherman
spotlighting_921.jpg,spotlighting,Spotighting
spumone_120.jpg,spumone,Spumone
squabbler_258.jpg,squabbler,Squabbler
square-fronted_337.jpg,square-fronted,Squarefronted
squarroso-dentate_931.jpg,squarroso-dentate,quarrosodentate
squirarch_341.jpg,squirarch,SquIRarch
stagestruck_72.jpg,stagestruck,Stagestruck
staithes_656.jpg,staithes,Staithes
star-bestudded_296.jpg,star-bestudded,StarBestudded
starlighted_574.jpg,starlighted,Starlighted
statocracy_5.jpg,statocracy,Statocracy
steepest_856.jpg,steepest,SReepest
Still_33.jpg,Still,STILL
stingareeing_579.jpg,stingareeing,STINgareeing
stotinka_834.jpg,stotinka,STOTINKA
stourness_755.jpg,stourness,STOURNESS
straw-plaiter_240.jpg,straw-plaiter,PLAITer
subdistinguish_634.jpg,subdistinguish,Subdistinguish
subsult_795.jpg,subsult,SUBSULT
subtack_561.jpg,subtack,SUbTAck
succourful_632.jpg,succourful,SuCcourful
sudaminal_982.jpg,sudaminal,Sudaminal
Sukhumi_96.jpg,Sukhumi,SUKHUmi
sulphisoxazole_167.jpg,sulphisoxazole,SUpnisoxczoe
sulphotungstic_549.jpg,sulphotungstic,Sulphotungstic
summariser_382.jpg,summariser,Summarser
summer-time_192.jpg,summer-time,TIME
sumpage_783.jpg,sumpage,Sumpage
supercandidly_510.jpg,supercandidly,supercandidly
superelaborately_961.jpg,superelaborately,Superelaborately
supersesquitertial_601.jpg,supersesquitertial,Supersesquitertial
superstoical_884.jpg,superstoical,Sepersto
supertreason_272.jpg,supertreason,Supertreason
surcharging_617.jpg,surcharging,Surcharging
surfie_488.jpg,surfie,SURFIe
swift-footed_498.jpg,swift-footed,SwIiftfooted
syncategorematic_194.jpg,syncategorematic,Syncategorematic
synemmenon_457.jpg,synemmenon,Synemmenon
syphilized_644.jpg,syphilized,SyPHILIZEd
systatic_359.jpg,systatic,SSAIC
Tabor_496.jpg,Tabor,ABOR
tacheless_106.jpg,tacheless,Tacheless
tachistoscopically_200.jpg,tachistoscopically,tachistoscopicall
Tamaulipecan_580.jpg,Tamaulipecan,Tamaulipecan
tanacetin_912.jpg,tanacetin,Tanacetin
tankship_71.jpg,tankship,TANKSHIP
Tariffville_4.jpg,Tariffville,Tariffville
teachers_825.jpg,teachers,Teacher
tear-phrased_405.jpg,tear-phrased,Phrasea
techily_789.jpg,techily,TECHILY
tempests_767.jpg,tempests,Tempests
Tennysonian_291.jpg,Tennysonian,Tennysonian
tense-drawn_66.jpg,tense-drawn,Arawn
Terhune_659.jpg,Terhune,Terhune
Terrye_751.jpg,Terrye,Terrye
tetrapodous_117.jpg,tetrapodous,TEetrapodous
tetrapod_881.jpg,tetrapod,Tetrapod
tez_770.jpg,tez,TEZ
Thecata_909.jpg,Thecata,Thecata
theocratically_986.jpg,theocratically,theocratically
therebetween_599.jpg,therebetween,therebetween
Therimachus_331.jpg,Therimachus,Therimachus
thigmotactically_676.jpg,thigmotactically,thigmotactically
thiochrome_102.jpg,thiochrome,thiochrome
thoracodelphus_162.jpg,thoracodelphus,thoracodelphus
thought-tight_297.jpg,thought-tight,Thoughttight
three-winged_15.jpg,three-winged,Three
thringing_684.jpg,thringing,ThRINgING
thyme-leaved_109.jpg,thyme-leaved,Thymeleaved
tillable_398.jpg,tillable,TillAblEe
tintiness_350.jpg,tintiness,TiNTInESs
tolerability_280.jpg,tolerability,ToLErability
toothwash_373.jpg,toothwash,TOOthwash
trampoliner_21.jpg,trampoliner,Tranpoliner
tranquil-ization_537.jpg,tranquil-ization,tranquilization
trans-Panamanian_148.jpg,trans-Panamanian,Panamanian
Trans-volga_734.jpg,Trans-volga,Transvolga
transmutual_620.jpg,transmutual,transmutual
trendel_788.jpg,trendel,Trendel
tresses_683.jpg,tresses,TRESSES
tribune_999.jpg,tribune,TRIBuNe
trichinoscopy_399.jpg,trichinoscopy,trichinoscopy
trichlormethane_248.jpg,trichlormethane,trichlormethane
trumpet-tongued_535.jpg,trumpet-tongued,Ttrumpettongued
trunknose_95.jpg,trunknose,trunknose
tubig_571.jpg,tubig,CUBI
tublike_419.jpg,tublike,TUblike
tub_334.jpg,tub,TUb
tug-of-warring_233.jpg,tug-of-warring,TUGOF
tweed-suited_211.jpg,tweed-suited,Tweedsuitee
typesetter_918.jpg,typesetter,TypEsetter
ultraceremonious_459.jpg,ultraceremonious,ultraceremonious
unaborted_159.jpg,unaborted,unaborted
unavoidably_503.jpg,unavoidably,Unavoidably
uncaramelised_436.jpg,uncaramelised,uncaramelised
unclean_572.jpg,unclean,UnCleAn
unclubbable_879.jpg,unclubbable,unciubbable
uncurtain_335.jpg,uncurtain,Uncurtain
undamaged_693.jpg,undamaged,undamaged
undertones_938.jpg,undertones,undertones
undetested_869.jpg,undetested,undetested
undistended_746.jpg,undistended,undistended
undreading_50.jpg,undreading,UNDREADING
unentangler_735.jpg,unentangler,unentangler
unequalise_497.jpg,unequalise,unequalise
uneversible_655.jpg,uneversible,uneversible
unexaggerative_595.jpg,unexaggerative,unexagEeraTive
unexecrated_397.jpg,unexecrated,unexecratea
unfenced_563.jpg,unfenced,Unfenced
unfluent_278.jpg,unfluent,UNfluEnt
unforgone_509.jpg,unforgone,UNforgone
ungraphic_431.jpg,ungraphic,Ungraphic
unhaunt_501.jpg,unhaunt,Unhaunt
unidentate_391.jpg,unidentate,unidentate
universitas_993.jpg,universitas,UnIVersitas
unmendableness_804.jpg,unmendableness,unmendableness
unmortgaging_443.jpg,unmortgaging,UNMORTGAGING
unpainfully_438.jpg,unpainfully,Unpainfully
unpalatability_336.jpg,unpalatability,SAbIT
unparenthetic_925.jpg,unparenthetic,Unoarenthetic
unpedigreed_939.jpg,unpedigreed,unpedigreea
unpreferably_838.jpg,unpreferably,Unpreferably
unsaked_930.jpg,unsaked,Unsaked
unscented_826.jpg,unscented,UNSCENTED
unshrinement_934.jpg,unshrinement,unshrinement
unsloughing_937.jpg,unsloughing,UNSLOuGhiNg
unsorted_20.jpg,unsorted,Unsorted
unspectacular_85.jpg,unspectacular,unsipectacular
unspiritualized_62.jpg,unspiritualized,unspiritualized
unsteadiness_180.jpg,unsteadiness,unsteadiness
unstoical_154.jpg,unstoical,UnSToicaL
untasked_832.jpg,untasked,UNTasked
untenuous_114.jpg,untenuous,Untenuous
unwirable_560.jpg,unwirable,unwirable
unwrapping_540.jpg,unwrapping,UNWRADDING
upget_38.jpg,upget,UPGET
uptaker_962.jpg,uptaker,Uptaker
usaunce_403.jpg,usaunce,usaunce
vaporously_73.jpg,vaporously,Vaporously
vardapet_674.jpg,vardapet,VArdapet
variancy_870.jpg,variancy,VARIANCY
vection_787.jpg,vection,VETION
venomous_623.jpg,venomous,Venomous
vermiculated_568.jpg,vermiculated,Vermiculated
Veronal_757.jpg,Veronal,VEronal
Vibrio_277.jpg,Vibrio,VIBrIo
videruff_357.jpg,videruff,VIderuf
Villahermosa_390.jpg,Villahermosa,Villahermosa
villainousness_854.jpg,villainousness,Villinousness
villenage_360.jpg,villenage,VIENOGE
vis_127.jpg,vis,VIS
Viverridae_772.jpg,Viverridae,Viverridae
voodooing_322.jpg,voodooing,Voodooing
wabert-leaf_91.jpg,wabert-leaf,COf
waybook_5.jpg,waybook,Waybook
wehee_6.jpg,wehee,WEhee
Weig_818.jpg,Weig,WEIg
well-aimed_410.jpg,well-aimed,Wellaimed
well-scattered_689.jpg,well-scattered,wellscattered
well-supplemented_927.jpg,well-supplemented,WELL
wereass_621.jpg,wereass,Wereass
wet-season_864.jpg,wet-season,Wetseason
Whipple_52.jpg,Whipple,WHIPPLE
whipstalk_27.jpg,whipstalk,Whipstalk
whirlwindish_811.jpg,whirlwindish,Whirlwindish
Whit-week_679.jpg,Whit-week,WHIT
whoop-de-doo_409.jpg,whoop-de-doo,Whooprde
whoremastery_740.jpg,whoremastery,whoremastery
witnessers_339.jpg,witnessers,WITNesSers
woadwaxen_285.jpg,woadwaxen,Woadwaxen
wolf-gray_367.jpg,wolf-gray,WOLFgray
Wolfy_904.jpg,Wolfy,WOLFYy
woodjobber_588.jpg,woodjobber,woodjobber
woolly-mindedness_234.jpg,woolly-mindedness,WOOLLYMIndedness
woolwheel_13.jpg,woolwheel,WOOLlwheel
world-taking_321.jpg,world-taking,WOrD
xenelasia_471.jpg,xenelasia,XeNcloso
xenophilous_247.jpg,xenophilous,Xenophilous
yeared_822.jpg,yeared,Yeared
Yonne_539.jpg,Yonne,YONNE
Yquem_426.jpg,Yquem,Yquem
Zemstrom_558.jpg,Zemstrom,Zemstrom
zodiophilous_355.jpg,zodiophilous,ZOaiophloUS
zythum_727.jpg,zythum,ZYThum
